{
  "AWSTemplateFormatVersion" : "2010-09-09",

  "Description" : "Yelb single server: Create a Yelb stack using multiple EC2 instances. This sample template only works in selected regions. This has been tested on the default VPC with Public Subnets.",

  "Parameters" : {
    "KeyName": {
      "Description" : "Name of an existing EC2 KeyPair to enable SSH access to the instance",
      "Type": "AWS::EC2::KeyPair::KeyName",
      "ConstraintDescription" : "Can contain only ASCII characters."
    },  
    "InstanceType" : {
      "Description" : "Yelb EC2 instance type",
      "Type" : "String",
      "Default" : "t2.small",
      "AllowedValues" : [ "t2.small", "t2.medium", "m5.large"],
      "ConstraintDescription" : "Must be a valid EC2 instance type"
    }
  },

  "Mappings" : {
    "AWSInstanceType2Arch" : {
      "t2.small"    : { "Arch" : "HVMG2"  },
      "t2.medium"   : { "Arch" : "HVMG2"  },
      "m5.large"    : { "Arch" : "HVMG2"  }
    },

    "AWSRegionArch2AMI" : {
      "us-east-1"      : { "HVMG2" : "ami-1853ac65"  },
      "us-west-1"      : { "HVMG2" : "ami-bf5540df"  },
      "eu-west-1"      : { "HVMG2" : "ami-3bfab942"  },
      "eu-central-1"   : { "HVMG2" : "ami-ac442ac3"  },
      "ap-southeast-2" : { "HVMG2" : "ami-43874721"  }
    }
  },

  "Resources" : {

    "RedisCache": {
      "Type": "AWS::EC2::Instance",
      "Properties": {
        "ImageId" : { "Fn::FindInMap" : [ "AWSRegionArch2AMI", { "Ref" : "AWS::Region" },
                          { "Fn::FindInMap" : [ "AWSInstanceType2Arch", { "Ref" : "InstanceType" }, "Arch" ] } ] },
        "InstanceType"   : { "Ref" : "InstanceType" },
        "SecurityGroups" : [ {"Ref" : "YelbSecurityGroupRedisCache"} ],
        "KeyName"        : { "Ref" : "KeyName" },
        "Tags" : [ { "Key" : "Name", "Value" : "redis-cache" } ],
        "UserData" : {"Fn::Base64" : { "Fn::Join" : ["",[
                        "#!/bin/bash -ex","\n",
                        "\n",
                        "curl https://raw.githubusercontent.com/mreferre/yelb/master/deployments/platformdeployment/Linux/redis-server.sh | bash"]]}
                     }
      }
    },

    "YelbDb": {
      "Type": "AWS::EC2::Instance",
      "Properties": {
        "ImageId" : { "Fn::FindInMap" : [ "AWSRegionArch2AMI", { "Ref" : "AWS::Region" },
                          { "Fn::FindInMap" : [ "AWSInstanceType2Arch", { "Ref" : "InstanceType" }, "Arch" ] } ] },
        "InstanceType"   : { "Ref" : "InstanceType" },
        "SecurityGroups" : [ {"Ref" : "YelbSecurityGroupYelbDb"} ],
        "KeyName"        : { "Ref" : "KeyName" },
        "Tags" : [ { "Key" : "Name", "Value" : "yelb-db" } ],
        "UserData" : {"Fn::Base64" : { "Fn::Join" : ["",[
                        "#!/bin/bash -ex","\n",
                        "\n",
                        "curl https://raw.githubusercontent.com/mreferre/yelb/master/deployments/platformdeployment/Linux/yelb-db.sh | bash"]]}
                     }
      }
    },

    "YelbAppserver": {
      "Type": "AWS::EC2::Instance",
      "Properties": {
        "ImageId" : { "Fn::FindInMap" : [ "AWSRegionArch2AMI", { "Ref" : "AWS::Region" },
                          { "Fn::FindInMap" : [ "AWSInstanceType2Arch", { "Ref" : "InstanceType" }, "Arch" ] } ] },
        "InstanceType"   : { "Ref" : "InstanceType" },
        "SecurityGroups" : [ {"Ref" : "YelbSecurityGroupYelbAppserver"} ],
        "KeyName"        : { "Ref" : "KeyName" },
        "Tags" : [ { "Key" : "Name", "Value" : "yelb-appserver" } ],
        "UserData" : {"Fn::Base64" : { "Fn::Join" : ["",[
                        "#!/bin/bash -ex","\n",
                        "\n",
                        "export REDIS_SERVER_ENDPOINT=",{ "Fn::GetAtt" : [ "RedisCache", "PrivateDnsName" ] },"\n",
                        "export YELB_DB_SERVER_ENDPOINT=",{ "Fn::GetAtt" : [ "YelbDb", "PrivateDnsName" ] },"\n",
                        "curl https://raw.githubusercontent.com/mreferre/yelb/master/deployments/platformdeployment/Linux/yelb-appserver.sh | bash"]]}
                     }
      },
    "DependsOn" : [ "YelbDb", "RedisCache" ]  
    },


    "YelbUi": {
      "Type": "AWS::EC2::Instance",
      "Properties": {
        "ImageId" : { "Fn::FindInMap" : [ "AWSRegionArch2AMI", { "Ref" : "AWS::Region" },
                          { "Fn::FindInMap" : [ "AWSInstanceType2Arch", { "Ref" : "InstanceType" }, "Arch" ] } ] },
        "InstanceType"   : { "Ref" : "InstanceType" },
        "SecurityGroups" : [ {"Ref" : "YelbSecurityGroupYelbUi"} ],
        "KeyName"        : { "Ref" : "KeyName" },
        "Tags" : [ { "Key" : "Name", "Value" : "yelb-ui" } ],
        "UserData" : {"Fn::Base64" : { "Fn::Join" : ["",[
                        "#!/bin/bash -ex","\n",
                        "\n",
                        "export YELB_APPSERVER_ENDPOINT=",{ "Fn::GetAtt" : [ "YelbAppserver", "PublicDnsName" ] },"\n",
                        "curl https://raw.githubusercontent.com/mreferre/yelb/master/deployments/platformdeployment/Linux/yelb-ui.sh | bash"]]}
                     }
      },
      "DependsOn" : "YelbAppserver"

    },



    "YelbSecurityGroupRedisCache" : {
      "Type" : "AWS::EC2::SecurityGroup",
      "Properties" : {
        "GroupDescription" : "Enable Redis access from inside the VPC and SSH access from the Internet",
        "SecurityGroupIngress" : [
          {"IpProtocol" : "tcp", "FromPort" : "6379", "ToPort" : "6379", "SourceSecurityGroupName" : { "Ref" : "YelbSecurityGroupYelbAppserver" }},
          {"IpProtocol" : "tcp", "FromPort" : "22", "ToPort" : "22", "CidrIp" : "0.0.0.0/0"}
        ]
      }
    },
  
    "YelbSecurityGroupYelbDb" : {
      "Type" : "AWS::EC2::SecurityGroup",
      "Properties" : {
        "GroupDescription" : "Enable Postgres access from inside the VPC and SSH access from the Internet",
        "SecurityGroupIngress" : [
          {"IpProtocol" : "tcp", "FromPort" : "5432", "ToPort" : "5432", "SourceSecurityGroupName" : { "Ref" : "YelbSecurityGroupYelbAppserver" }},
          {"IpProtocol" : "tcp", "FromPort" : "22", "ToPort" : "22", "CidrIp" : "0.0.0.0/0"}
        ]
      }
    },

    "YelbSecurityGroupYelbAppserver" : {
      "Type" : "AWS::EC2::SecurityGroup",
      "Properties" : {
        "GroupDescription" : "Enable Sinatra APIs and SSH access from the Internet",
        "SecurityGroupIngress" : [
          {"IpProtocol" : "tcp", "FromPort" : "4567", "ToPort" : "4567", "CidrIp" : "0.0.0.0/0"},
          {"IpProtocol" : "tcp", "FromPort" : "22", "ToPort" : "22", "CidrIp" : "0.0.0.0/0"}
        ]
      }
    },

    "YelbSecurityGroupYelbUi" : {
      "Type" : "AWS::EC2::SecurityGroup",
      "Properties" : {
        "GroupDescription" : "Enable HTTP and SSH access from the Internet",
        "SecurityGroupIngress" : [
          {"IpProtocol" : "tcp", "FromPort" : "80", "ToPort" : "80", "CidrIp" : "0.0.0.0/0"},
          {"IpProtocol" : "tcp", "FromPort" : "22", "ToPort" : "22", "CidrIp" : "0.0.0.0/0"}
        ]
      }
    }

  },

  "Outputs" : {
    "YelbURL" : {
      "Description" : "URL for newly created single server Yelb instance",
      "Value" : { "Fn::Join" : ["", ["http://", { "Fn::GetAtt" : [ "YelbUi", "PublicDnsName" ]}]] }
    }
  }
}